<?xml version="1.0" encoding="UTF-8"?>
<project-private xmlns="http://www.netbeans.org/ns/project-private/1">
    <editor-bookmarks xmlns="http://www.netbeans.org/ns/editor-bookmarks/2" lastBookmarkId="0"/>
    <open-files xmlns="http://www.netbeans.org/ns/projectui-open-files/2">
        <group>
            <file>file:/home/carlos/NetBeansProjects/JavaADVSabadosOctubre/Clase04/src/serializable/ClienteSerializado.java</file>
            <file>file:/home/carlos/NetBeansProjects/JavaADVSabadosOctubre/Clase04/src/serializable/Serializado.java</file>
            <file>file:/home/carlos/NetBeansProjects/JavaADVSabadosOctubre/Clase04/src/serializable/Persona.java</file>
            <file>file:/home/carlos/NetBeansProjects/JavaADVSabadosOctubre/Clase04/src/clase03/ClienteMinimo2.java</file>
        </group>
    </open-files>
</project-private>
